title,avg_rating,num_ratings
Planet Earth II (2016),4.4468302658486705,1956
Planet Earth (2006),4.444369063772049,2948
Band of Brothers (2001),4.426538598363572,2811
"Shawshank Redemption, The (1994)",4.404613860039444,102929
Cosmos,4.330081300813008,615
"Godfather, The (1972)",4.317030403371463,66440
Parasite (2019),4.312253641816624,11670
Blue Planet II (2017),4.300085984522786,1163
Twin Peaks (1989),4.298684210526316,1140
Twelve Angry Men (1954),4.28619153674833,449
